Round,SR_time,GPT_time,SR_result,GPT_response
1,1.082,3.193,what is the highest mountain in Iceland,"The highest mountain in Iceland is Hvannadalshnjúkur, which is located within the Öræfajökull volcano. It reaches an elevation of 2,110 meters (6,923 feet) above sea level. Hvannadalshnjúkur is part of the Vatnajökull National Park and is a popular destination for mountaineers and hikers."
2,0.993,3.35,what year was the Golden Bridge built,"If you are referring to the Golden Gate Bridge in San Francisco, California, it was built between 1933 and 1937. Construction on the Golden Gate Bridge began on January 5, 1933, and the bridge opened to vehicular traffic on May 28, 1937. It is one of the most iconic landmarks in the United States and a renowned example of engineering and architectural achievement."
3,1.872,3.359,who invented the Easter egg,The tradition of decorating and giving eggs during Easter has ancient roots and predates any specific inventor. The custom of egg-related activities during springtime festivals has been practiced by various cultures for thousands of years. The exact origin and inventor of the Easter egg as we know it today are not attributed to a specific individual but have strong ties to the Christian holiday of Easter and the symbolism of new life and rebirth.
4,3.54,12.377,Could you teach me and G for presents for my initial for his 25th birthday,"Certainly! Here are some gift ideas for a person with the initial ""G"" for their 25th birthday:

1. Gourmet Food or Gift Basket: Create a personalized gourmet food hamper or a gift basket with their favorite treats, snacks, and beverages.

2. Gaming Console or Games: If the person enjoys video games, consider gifting them a new gaming console or some popular games they might be interested in.

3. Gadgets: Consider tech gadgets like a smartwatch, wireless headphones, a portable speaker, or any other gadget that aligns with their interests.

4. Gift Card: If you're unsure of their specific preferences, a gift card to their favorite store or an online retailer will allow them to choose something they truly desire.

5. Getaway or Experience: Plan a surprise trip, a weekend getaway, or gift them an unforgettable experience such as skydiving, hot air balloon ride, or a spa day to celebrate their 25th birthday.

6. Books or Journal: If they enjoy reading, consider gifting them a set of books from their favorite author or a beautifully crafted journal to capture their thoughts and experiences.

7. Gym or Fitness Gear: If the person is into fitness, consider gifting them gym equipment, workout gear, or a membership to a fitness club to support their healthy lifestyle.

8. Gardening Kit: If they enjoy gardening or have an interest in plants, a gardening kit with tools, seeds, and plant-related accessories could be a meaningful and enjoyable gift.

Remember to consider their specific interests and hobbies while selecting a gift, so it feels personalized and thoughtful."
5,1.008,7.053,what would be the best way to quickly go to London,"The best way to quickly go to London would be to travel by air. If you're in a hurry, taking a direct flight is the fastest option. Several airlines offer direct flights to London from major international airports around the world. From the airport, you can use public transportation or taxis to reach your final destination within the city.

Alternatively, if you are already in Europe, you can consider taking the Eurostar train. The Eurostar offers high-speed train services from various European cities to London. It operates through the Channel Tunnel, providing a convenient and swift travel option for those traveling from Paris, Brussels, or other nearby cities.

When planning your trip, it's advisable to book your tickets in advance to secure the best prices and availability. Additionally, make sure to check the current travel restrictions, visa requirements, and health protocols in place, as they can impact your travel plans."
